2026-05-29	1С-Битрикс	0	0	2026-05-30T00:58:33
2026-05-29	личный кабинет	2	1	2026-05-30T00:59:06
2026-05-29	техническое сопровождение информационной системы	19	18	2026-05-30T01:05:09
2026-05-29	техническая поддержка сайта	1	1	2026-05-30T01:05:18
2026-05-29	сопровождение сайта	0	0	2026-05-30T01:05:18
2026-05-29	резервное копирование	2	2	2026-05-30T01:05:30
2026-05-29	администрирование сервера	0	0	2026-05-30T01:05:30
2026-05-29	модернизация сайта	1	1	2026-05-30T01:05:39
2026-05-29	интеграция 1С	0	0	2026-05-30T01:05:40
2026-05-29	администрирование сайта	0	0	2026-05-30T01:05:40
2026-05-29	доработка сайта	0	0	2026-05-30T01:05:41
2026-05-28	1С-Битрикс	1	1	2026-05-30T01:05:49
2026-05-28	личный кабинет	1	1	2026-05-30T01:05:59
2026-05-28	техническое сопровождение информационной системы	10	9	2026-05-30T01:06:41
2026-05-28	техническая поддержка сайта	0	0	2026-05-30T01:06:41
2026-05-28	сопровождение сайта	0	0	2026-05-30T01:06:42
2026-05-28	резервное копирование	1	1	2026-05-30T01:06:53
2026-05-28	администрирование сервера	1	1	2026-05-30T01:07:01
2026-05-28	модернизация сайта	1	1	2026-05-30T01:07:10
2026-05-28	интеграция 1С	0	0	2026-05-30T01:07:11
2026-05-28	администрирование сайта	0	0	2026-05-30T01:07:12
2026-05-28	доработка сайта	1	0	2026-05-30T01:07:19
2026-05-27	1С-Битрикс	1	1	2026-05-30T01:07:27
2026-05-27	личный кабинет	2	1	2026-05-30T01:07:39
2026-05-27	техническое сопровождение информационной системы	15	14	2026-05-30T01:08:43
2026-05-27	техническая поддержка сайта	1	0	2026-05-30T01:08:50
2026-05-27	сопровождение сайта	2	2	2026-05-30T01:09:02
2026-05-27	резервное копирование	0	0	2026-05-30T01:09:03
2026-05-27	администрирование сервера	0	0	2026-05-30T01:09:04
2026-05-27	модернизация сайта	2	1	2026-05-30T01:09:16
2026-05-27	интеграция 1С	0	0	2026-05-30T01:09:17
2026-05-27	администрирование сайта	0	0	2026-05-30T01:09:17
2026-05-27	доработка сайта	1	0	2026-05-30T01:09:25
2026-05-26	1С-Битрикс	1	1	2026-05-30T01:09:33
2026-05-26	личный кабинет	2	0	2026-05-30T01:09:42
2026-05-26	техническое сопровождение информационной системы	10	9	2026-05-30T01:10:23
2026-05-26	техническая поддержка сайта	0	0	2026-05-30T01:10:24
2026-05-26	сопровождение сайта	0	0	2026-05-30T01:10:25
2026-05-26	резервное копирование	2	1	2026-05-30T01:10:34
2026-05-26	администрирование сервера	0	0	2026-05-30T01:10:35
2026-05-26	модернизация сайта	1	1	2026-05-30T01:10:44
2026-05-26	интеграция 1С	1	1	2026-05-30T01:10:52
2026-05-26	администрирование сайта	0	0	2026-05-30T01:10:53
2026-05-26	доработка сайта	0	0	2026-05-30T01:10:53
2026-05-25	1С-Битрикс	0	0	2026-05-30T01:10:54
2026-05-25	личный кабинет	0	0	2026-05-30T01:10:55
2026-05-25	техническое сопровождение информационной системы	15	14	2026-05-30T01:11:55
2026-05-25	техническая поддержка сайта	1	1	2026-05-30T01:12:03
2026-05-25	сопровождение сайта	0	0	2026-05-30T01:12:03
2026-05-25	резервное копирование	1	1	2026-05-30T01:12:13
2026-05-25	администрирование сервера	1	1	2026-05-30T01:12:22
2026-05-25	модернизация сайта	1	0	2026-05-30T01:12:29
2026-05-25	интеграция 1С	2	2	2026-05-30T01:12:41
2026-05-25	администрирование сайта	0	0	2026-05-30T01:12:42
2026-05-25	доработка сайта	0	0	2026-05-30T01:12:43
2026-05-24	1С-Битрикс	0	0	2026-05-30T01:12:44
2026-05-24	личный кабинет	0	0	2026-05-30T01:12:44
2026-05-24	техническое сопровождение информационной системы	0	0	2026-05-30T01:12:45
2026-05-24	техническая поддержка сайта	2	2	2026-05-30T01:12:56
2026-05-24	сопровождение сайта	0	0	2026-05-30T01:12:56
2026-05-24	резервное копирование	0	0	2026-05-30T01:12:57
2026-05-24	администрирование сервера	1	1	2026-05-30T01:13:05
2026-05-24	модернизация сайта	0	0	2026-05-30T01:13:05
2026-05-24	интеграция 1С	0	0	2026-05-30T01:13:06
2026-05-24	администрирование сайта	1	1	2026-05-30T01:13:25
2026-05-24	доработка сайта	0	0	2026-05-30T01:13:26
2026-05-23	1С-Битрикс	0	0	2026-05-30T01:13:26
2026-05-23	личный кабинет	0	0	2026-05-30T01:13:27
2026-05-23	техническое сопровождение информационной системы	0	0	2026-05-30T01:13:28
2026-05-23	техническая поддержка сайта	0	0	2026-05-30T01:13:29
2026-05-23	сопровождение сайта	0	0	2026-05-30T01:13:29
2026-05-23	резервное копирование	0	0	2026-05-30T01:13:30
2026-05-23	администрирование сервера	0	0	2026-05-30T01:13:31
2026-05-23	модернизация сайта	0	0	2026-05-30T01:13:32
2026-05-23	интеграция 1С	0	0	2026-05-30T01:13:32
2026-05-23	администрирование сайта	0	0	2026-05-30T01:13:33
2026-05-23	доработка сайта	0	0	2026-05-30T01:13:34
2026-05-22	1С-Битрикс	1	1	2026-05-30T01:13:42
2026-05-22	личный кабинет	0	0	2026-05-30T01:13:43
2026-05-22	техническое сопровождение информационной системы	10	9	2026-05-30T01:14:23
2026-05-22	техническая поддержка сайта	1	1	2026-05-30T01:14:34
2026-05-22	сопровождение сайта	1	1	2026-05-30T01:14:43
2026-05-22	резервное копирование	2	2	2026-05-30T01:14:56
2026-05-22	администрирование сервера	0	0	2026-05-30T01:14:57
2026-05-22	модернизация сайта	0	0	2026-05-30T01:14:58
2026-05-22	интеграция 1С	0	0	2026-05-30T01:14:58
2026-05-22	администрирование сайта	0	0	2026-05-30T01:14:59
2026-05-22	доработка сайта	1	1	2026-05-30T01:15:07
2026-05-21	1С-Битрикс	1	1	2026-05-30T01:15:15
2026-05-21	личный кабинет	1	1	2026-05-30T01:15:23
2026-05-21	техническое сопровождение информационной системы	18	17	2026-05-30T01:16:30
2026-05-21	техническая поддержка сайта	1	1	2026-05-30T01:16:39
2026-05-21	сопровождение сайта	0	0	2026-05-30T01:16:39
2026-05-21	резервное копирование	0	0	2026-05-30T01:16:40
2026-05-21	администрирование сервера	1	1	2026-05-30T01:16:49
2026-05-21	модернизация сайта	0	0	2026-05-30T01:16:49
2026-05-21	интеграция 1С	0	0	2026-05-30T01:16:50
2026-05-21	администрирование сайта	0	0	2026-05-30T01:16:51
2026-05-21	доработка сайта	0	0	2026-05-30T01:16:52
2026-05-20	1С-Битрикс	0	0	2026-05-30T01:16:52
2026-05-20	личный кабинет	0	0	2026-05-30T01:16:53
2026-05-20	техническое сопровождение информационной системы	7	7	2026-05-30T01:17:23
2026-05-20	техническая поддержка сайта	0	0	2026-05-30T01:17:23
2026-05-20	сопровождение сайта	0	0	2026-05-30T01:17:24
2026-05-20	резервное копирование	2	0	2026-05-30T01:17:33
2026-05-20	администрирование сервера	1	1	2026-05-30T01:17:42
2026-05-20	модернизация сайта	0	0	2026-05-30T01:17:42
2026-05-20	интеграция 1С	0	0	2026-05-30T01:17:43
2026-05-20	администрирование сайта	0	0	2026-05-30T01:17:44
2026-05-20	доработка сайта	0	0	2026-05-30T01:17:45
2026-05-19	1С-Битрикс	0	0	2026-05-30T01:17:45
2026-05-19	личный кабинет	0	0	2026-05-30T01:17:46
2026-05-19	техническое сопровождение информационной системы	1	1	2026-05-30T01:17:54
2026-05-19	техническая поддержка сайта	0	0	2026-05-30T01:17:55
2026-05-19	сопровождение сайта	0	0	2026-05-30T01:17:55
2026-05-19	резервное копирование	1	1	2026-05-30T01:18:04
2026-05-19	администрирование сервера	0	0	2026-05-30T01:18:05
2026-05-19	модернизация сайта	0	0	2026-05-30T01:18:06
2026-05-19	интеграция 1С	0	0	2026-05-30T01:18:07
2026-05-19	администрирование сайта	0	0	2026-05-30T01:18:07
2026-05-19	доработка сайта	0	0	2026-05-30T01:18:08
2026-05-18	1С-Битрикс	0	0	2026-05-30T01:18:09
2026-05-18	личный кабинет	0	0	2026-05-30T01:18:10
2026-05-18	техническое сопровождение информационной системы	3	3	2026-05-30T01:18:26
2026-05-18	техническая поддержка сайта	0	0	2026-05-30T01:18:27
2026-05-18	сопровождение сайта	0	0	2026-05-30T01:18:27
2026-05-18	резервное копирование	0	0	2026-05-30T01:18:28
2026-05-18	администрирование сервера	0	0	2026-05-30T01:18:29
2026-05-18	модернизация сайта	0	0	2026-05-30T01:18:30
2026-05-18	интеграция 1С	0	0	2026-05-30T01:18:30
2026-05-18	администрирование сайта	0	0	2026-05-30T01:18:31
2026-05-18	доработка сайта	0	0	2026-05-30T01:18:32
2026-05-17	1С-Битрикс	0	0	2026-05-30T01:18:32
2026-05-17	личный кабинет	0	0	2026-05-30T01:18:33
2026-05-17	техническое сопровождение информационной системы	0	0	2026-05-30T01:18:34
2026-05-17	техническая поддержка сайта	0	0	2026-05-30T01:18:35
2026-05-17	сопровождение сайта	0	0	2026-05-30T01:18:36
2026-05-17	резервное копирование	0	0	2026-05-30T01:18:36
2026-05-17	администрирование сервера	0	0	2026-05-30T01:18:37
2026-05-17	модернизация сайта	0	0	2026-05-30T01:18:38
2026-05-17	интеграция 1С	0	0	2026-05-30T01:18:38
2026-05-17	администрирование сайта	0	0	2026-05-30T01:18:39
2026-05-17	доработка сайта	0	0	2026-05-30T01:18:40
2026-05-16	1С-Битрикс	0	0	2026-05-30T01:18:41
2026-05-16	личный кабинет	0	0	2026-05-30T01:18:41
2026-05-16	техническое сопровождение информационной системы	0	0	2026-05-30T01:18:42
2026-05-16	техническая поддержка сайта	0	0	2026-05-30T01:18:43
2026-05-16	сопровождение сайта	0	0	2026-05-30T01:18:44
2026-05-16	резервное копирование	0	0	2026-05-30T01:18:45
2026-05-16	администрирование сервера	0	0	2026-05-30T01:18:46
2026-05-16	модернизация сайта	0	0	2026-05-30T01:18:47
2026-05-16	интеграция 1С	0	0	2026-05-30T01:18:47
2026-05-16	администрирование сайта	0	0	2026-05-30T01:18:48
2026-05-16	доработка сайта	0	0	2026-05-30T01:18:49
2026-05-15	1С-Битрикс	0	0	2026-05-30T01:18:50
2026-05-15	личный кабинет	0	0	2026-05-30T01:18:50
2026-05-15	техническое сопровождение информационной системы	5	5	2026-05-30T01:19:16
2026-05-15	техническая поддержка сайта	0	0	2026-05-30T01:19:17
2026-05-15	сопровождение сайта	0	0	2026-05-30T01:19:18
2026-05-15	резервное копирование	0	0	2026-05-30T01:19:19
2026-05-15	администрирование сервера	0	0	2026-05-30T01:19:19
2026-05-15	модернизация сайта	0	0	2026-05-30T01:19:21
2026-05-15	интеграция 1С	0	0	2026-05-30T01:19:21
2026-05-15	администрирование сайта	0	0	2026-05-30T01:19:22
2026-05-15	доработка сайта	0	0	2026-05-30T01:19:23
2026-05-14	1С-Битрикс	0	0	2026-05-30T01:19:24
2026-05-14	личный кабинет	0	0	2026-05-30T01:19:24
2026-05-14	техническое сопровождение информационной системы	1	1	2026-05-30T01:19:32
2026-05-14	техническая поддержка сайта	0	0	2026-05-30T01:19:33
2026-05-14	сопровождение сайта	0	0	2026-05-30T01:19:33
2026-05-14	резервное копирование	0	0	2026-05-30T01:19:34
2026-05-14	администрирование сервера	0	0	2026-05-30T01:19:35
2026-05-14	модернизация сайта	0	0	2026-05-30T01:19:36
2026-05-14	интеграция 1С	0	0	2026-05-30T01:19:36
2026-05-14	администрирование сайта	0	0	2026-05-30T01:19:37
2026-05-14	доработка сайта	0	0	2026-05-30T01:19:38
2026-05-13	1С-Битрикс	0	0	2026-05-30T01:19:39
2026-05-13	личный кабинет	1	1	2026-05-30T01:19:47
2026-05-13	техническое сопровождение информационной системы	5	5	2026-05-30T01:20:10
2026-05-13	техническая поддержка сайта	0	0	2026-05-30T01:20:11
2026-05-13	сопровождение сайта	0	0	2026-05-30T01:20:12
2026-05-13	резервное копирование	1	1	2026-05-30T01:20:20
2026-05-13	администрирование сервера	0	0	2026-05-30T01:20:21
2026-05-13	модернизация сайта	0	0	2026-05-30T01:20:22
2026-05-13	интеграция 1С	0	0	2026-05-30T01:20:22
2026-05-13	администрирование сайта	0	0	2026-05-30T01:20:23
2026-05-13	доработка сайта	0	0	2026-05-30T01:20:24
2026-05-12	1С-Битрикс	0	0	2026-05-30T01:20:25
2026-05-12	личный кабинет	0	0	2026-05-30T01:20:25
2026-05-12	техническое сопровождение информационной системы	2	2	2026-05-30T01:20:38
2026-05-12	техническая поддержка сайта	0	0	2026-05-30T01:20:40
2026-05-12	сопровождение сайта	0	0	2026-05-30T01:20:40
2026-05-12	резервное копирование	0	0	2026-05-30T01:20:41
2026-05-12	администрирование сервера	0	0	2026-05-30T01:20:42
2026-05-12	модернизация сайта	0	0	2026-05-30T01:20:43
2026-05-12	интеграция 1С	0	0	2026-05-30T01:20:43
2026-05-12	администрирование сайта	0	0	2026-05-30T01:20:44
2026-05-12	доработка сайта	0	0	2026-05-30T01:20:45
2026-05-11	1С-Битрикс	0	0	2026-05-30T01:20:46
2026-05-11	личный кабинет	0	0	2026-05-30T01:20:47
2026-05-11	техническое сопровождение информационной системы	0	0	2026-05-30T01:20:47
2026-05-11	техническая поддержка сайта	0	0	2026-05-30T01:20:48
2026-05-11	сопровождение сайта	0	0	2026-05-30T01:20:49
2026-05-11	резервное копирование	0	0	2026-05-30T01:20:50
2026-05-11	администрирование сервера	0	0	2026-05-30T01:20:50
2026-05-11	модернизация сайта	0	0	2026-05-30T01:20:51
2026-05-11	интеграция 1С	0	0	2026-05-30T01:20:52
2026-05-11	администрирование сайта	0	0	2026-05-30T01:20:53
2026-05-11	доработка сайта	0	0	2026-05-30T01:20:53
2026-05-10	1С-Битрикс	0	0	2026-05-30T01:20:54
2026-05-10	личный кабинет	0	0	2026-05-30T01:20:55
2026-05-10	техническое сопровождение информационной системы	0	0	2026-05-30T01:20:55
2026-05-10	техническая поддержка сайта	0	0	2026-05-30T01:20:56
2026-05-10	сопровождение сайта	0	0	2026-05-30T01:20:57
2026-05-10	резервное копирование	0	0	2026-05-30T01:20:58
2026-05-10	администрирование сервера	0	0	2026-05-30T01:20:58
2026-05-10	модернизация сайта	0	0	2026-05-30T01:20:59
2026-05-10	интеграция 1С	0	0	2026-05-30T01:21:00
2026-05-10	администрирование сайта	0	0	2026-05-30T01:21:01
2026-05-10	доработка сайта	0	0	2026-05-30T01:21:01
2026-05-09	1С-Битрикс	0	0	2026-05-30T01:21:02
2026-05-09	личный кабинет	0	0	2026-05-30T01:21:03
2026-05-09	техническое сопровождение информационной системы	0	0	2026-05-30T01:21:04
2026-05-09	техническая поддержка сайта	0	0	2026-05-30T01:21:04
2026-05-09	сопровождение сайта	0	0	2026-05-30T01:21:05
2026-05-09	резервное копирование	0	0	2026-05-30T01:21:06
2026-05-09	администрирование сервера	0	0	2026-05-30T01:21:07
2026-05-09	модернизация сайта	0	0	2026-05-30T01:21:08
2026-05-09	интеграция 1С	0	0	2026-05-30T01:21:08
2026-05-09	администрирование сайта	0	0	2026-05-30T01:21:09
2026-05-09	доработка сайта	0	0	2026-05-30T01:21:10
2026-05-08	1С-Битрикс	0	0	2026-05-30T01:21:11
2026-05-08	личный кабинет	0	0	2026-05-30T01:21:11
2026-05-08	техническое сопровождение информационной системы	0	0	2026-05-30T01:21:12
2026-05-08	техническая поддержка сайта	0	0	2026-05-30T01:21:13
2026-05-08	сопровождение сайта	0	0	2026-05-30T01:21:14
2026-05-08	резервное копирование	0	0	2026-05-30T01:21:14
2026-05-08	администрирование сервера	0	0	2026-05-30T01:21:15
2026-05-08	модернизация сайта	0	0	2026-05-30T01:21:16
2026-05-08	интеграция 1С	0	0	2026-05-30T01:21:17
2026-05-08	администрирование сайта	0	0	2026-05-30T01:21:17
2026-05-08	доработка сайта	0	0	2026-05-30T01:21:18
2026-05-07	1С-Битрикс	0	0	2026-05-30T01:21:19
2026-05-07	личный кабинет	0	0	2026-05-30T01:21:20
2026-05-07	техническое сопровождение информационной системы	0	0	2026-05-30T01:21:21
2026-05-07	техническая поддержка сайта	0	0	2026-05-30T01:21:21
2026-05-07	сопровождение сайта	0	0	2026-05-30T01:21:22
2026-05-07	резервное копирование	0	0	2026-05-30T01:21:23
2026-05-07	администрирование сервера	0	0	2026-05-30T01:21:24
2026-05-07	модернизация сайта	0	0	2026-05-30T01:21:24
2026-05-07	интеграция 1С	0	0	2026-05-30T01:21:25
2026-05-07	администрирование сайта	0	0	2026-05-30T01:21:26
2026-05-07	доработка сайта	0	0	2026-05-30T01:21:27
2026-05-06	1С-Битрикс	0	0	2026-05-30T01:21:27
2026-05-06	личный кабинет	0	0	2026-05-30T01:21:28
2026-05-06	техническое сопровождение информационной системы	0	0	2026-05-30T01:21:29
2026-05-06	техническая поддержка сайта	0	0	2026-05-30T01:21:29
2026-05-06	сопровождение сайта	0	0	2026-05-30T01:21:30
2026-05-06	резервное копирование	0	0	2026-05-30T01:21:31
2026-05-06	администрирование сервера	0	0	2026-05-30T01:21:32
2026-05-06	модернизация сайта	0	0	2026-05-30T01:21:32
2026-05-06	интеграция 1С	0	0	2026-05-30T01:21:33
2026-05-06	администрирование сайта	0	0	2026-05-30T01:21:34
2026-05-06	доработка сайта	0	0	2026-05-30T01:21:35
2026-05-05	1С-Битрикс	0	0	2026-05-30T01:21:35
2026-05-05	личный кабинет	0	0	2026-05-30T01:21:36
2026-05-05	техническое сопровождение информационной системы	0	0	2026-05-30T01:21:37
2026-05-05	техническая поддержка сайта	0	0	2026-05-30T01:21:38
2026-05-05	сопровождение сайта	0	0	2026-05-30T01:21:38
2026-05-05	резервное копирование	0	0	2026-05-30T01:21:39
2026-05-05	администрирование сервера	0	0	2026-05-30T01:21:40
2026-05-05	модернизация сайта	0	0	2026-05-30T01:21:41
2026-05-05	интеграция 1С	0	0	2026-05-30T01:21:42
2026-05-05	администрирование сайта	0	0	2026-05-30T01:21:43
2026-05-05	доработка сайта	0	0	2026-05-30T01:21:43
2026-05-04	1С-Битрикс	0	0	2026-05-30T01:21:44
2026-05-04	личный кабинет	0	0	2026-05-30T01:21:45
2026-05-04	техническое сопровождение информационной системы	0	0	2026-05-30T01:21:45
2026-05-04	техническая поддержка сайта	0	0	2026-05-30T01:21:46
2026-05-04	сопровождение сайта	0	0	2026-05-30T01:21:47
2026-05-04	резервное копирование	0	0	2026-05-30T01:21:48
2026-05-04	администрирование сервера	0	0	2026-05-30T01:21:48
2026-05-04	модернизация сайта	0	0	2026-05-30T01:21:49
2026-05-04	интеграция 1С	0	0	2026-05-30T01:21:50
2026-05-04	администрирование сайта	0	0	2026-05-30T01:21:51
2026-05-04	доработка сайта	0	0	2026-05-30T01:21:51
2026-05-03	1С-Битрикс	0	0	2026-05-30T01:21:52
2026-05-03	личный кабинет	0	0	2026-05-30T01:21:53
2026-05-03	техническое сопровождение информационной системы	0	0	2026-05-30T01:21:54
2026-05-03	техническая поддержка сайта	0	0	2026-05-30T01:21:54
2026-05-03	сопровождение сайта	0	0	2026-05-30T01:21:55
2026-05-03	резервное копирование	0	0	2026-05-30T01:21:56
2026-05-03	администрирование сервера	0	0	2026-05-30T01:21:56
2026-05-03	модернизация сайта	0	0	2026-05-30T01:21:57
2026-05-03	интеграция 1С	0	0	2026-05-30T01:21:58
2026-05-03	администрирование сайта	0	0	2026-05-30T01:21:59
2026-05-03	доработка сайта	0	0	2026-05-30T01:21:59
2026-05-02	1С-Битрикс	0	0	2026-05-30T01:22:00
2026-05-02	личный кабинет	0	0	2026-05-30T01:22:01
2026-05-02	техническое сопровождение информационной системы	0	0	2026-05-30T01:22:01
2026-05-02	техническая поддержка сайта	0	0	2026-05-30T01:22:02
2026-05-02	сопровождение сайта	0	0	2026-05-30T01:22:03
2026-05-02	резервное копирование	0	0	2026-05-30T01:22:04
2026-05-02	администрирование сервера	0	0	2026-05-30T01:22:04
2026-05-02	модернизация сайта	0	0	2026-05-30T01:22:05
2026-05-02	интеграция 1С	0	0	2026-05-30T01:22:06
2026-05-02	администрирование сайта	0	0	2026-05-30T01:22:07
2026-05-02	доработка сайта	0	0	2026-05-30T01:22:07
2026-05-01	1С-Битрикс	0	0	2026-05-30T01:22:08
2026-05-01	личный кабинет	0	0	2026-05-30T01:22:09
2026-05-01	техническое сопровождение информационной системы	0	0	2026-05-30T01:22:10
2026-05-01	техническая поддержка сайта	0	0	2026-05-30T01:22:10
2026-05-01	сопровождение сайта	0	0	2026-05-30T01:22:11
2026-05-01	резервное копирование	0	0	2026-05-30T01:22:12
2026-05-01	администрирование сервера	0	0	2026-05-30T01:22:12
2026-05-01	модернизация сайта	0	0	2026-05-30T01:22:13
2026-05-01	интеграция 1С	0	0	2026-05-30T01:22:14
2026-05-01	администрирование сайта	0	0	2026-05-30T01:22:15
2026-05-01	доработка сайта	0	0	2026-05-30T01:22:15
2026-04-30	1С-Битрикс	0	0	2026-05-30T01:22:16
2026-04-30	личный кабинет	0	0	2026-05-30T01:22:17
2026-04-30	техническое сопровождение информационной системы	0	0	2026-05-30T01:22:18
2026-04-30	техническая поддержка сайта	0	0	2026-05-30T01:22:18
2026-04-30	сопровождение сайта	0	0	2026-05-30T01:22:19
2026-04-30	резервное копирование	0	0	2026-05-30T01:22:20
2026-04-30	администрирование сервера	0	0	2026-05-30T01:22:20
2026-04-30	модернизация сайта	0	0	2026-05-30T01:22:21
2026-04-30	интеграция 1С	0	0	2026-05-30T01:22:22
2026-04-30	администрирование сайта	0	0	2026-05-30T01:22:23
2026-04-30	доработка сайта	0	0	2026-05-30T01:22:23
